Name of the company,Contact number,Link of the add,Services this company offers
Real Property Management California Coast,+1 310-535-2150,https://g.co/kgs/qoqeAnz,"Services: Property management, Rent collection, Accounting, Accounting And Reporting, Asset Management, Brokerage Services, Centralized Accounting, Cleaning And Repair, Commercial Property, Compliant Evictions, Comprehensive Marketing & Advertising, Comprehensive Property Management, Credit Reporting, Emergency Maintenance, Employment Verification, Eviction Protection, Fair Housing, Financial Reports, Free Rental, Full-Service Leasing, Handled Maintenance, Houses To Rent, Industry Services, Investment Properties, It Support, Lease Preparation, Lease Renewal, Lease Signing, Maintenance, Maintenance Maintenance, Management Program, Market Rent Analysis, Marketing and Advertising, On-Going Communication, Property Assessment, Property Leased, Property Maintenance, Property Maintenance And Repair, Property Management Program, Property Rent, Property Rental, Property Review, Real Estate Investment, Real Estate Investor, Real Estate Rental, Real Property, Regular Evaluations, Regular Property Evaluations, Rent Assessments, Rent Collection, Rental Comps, Rental History, Rental Home Management, Rental Market Analysis, Rental Property Renovation, Repair Work, Repairs And Maintenance, Residential Property Management Services, Residential Rental, Residential Rental Properties, Rpm Management, Search Rentals, Site Analysis, Tenant Application, Tenant Placement, Tenant Screening And Selection, Tenant Screening And Selection, Thorough Tenant Screening, Timely Rent Collection, Total Accounting Services"
HCM Property Management,+1 855-701-7283,https://g.co/kgs/sJNZara,"Services: Property inspections, Property investment management, Property maintenance, Property management, Real estate valuation, Rent collection, Rental property management, Tenant management, 24/7 Emergency Services, 24/7 Maintenance And Support, 24/7 Maintenance Coordination, Accounting & Bookkeeping, Accounting And Reporting, Advertising Plan, Disposal Replacement, Electronic Maintenance, Eviction Guarantee, Eviction Process, Free Rental, Free Rental Analysis, Full Service Property Management, Handyman Repairs, House Maintenance, Housing Assistance, Hvac Filter Replacement, Leasing Guarantee, Leasing Services, Maintenance Guarantee, Maintenance Service, Management Contracts, Market Rent Analysis, Monthly Management, Online Rental, Project Management, Property Accounting And Reporting, Property Improvements, Property Inspections, Property Maintenance, Property Management And Leasing Services, Real Estate Broker, Real Estate Investment Management, Real Estate Investment Properties, Regular Property Inspections, Rent Collection, Rent Guarantee, Rental Analysis, Rental Assessment, Rental Guarantee, Rental Management, Rental Management Services, Rental Properties, Resident Services, Residential Rental, Selling Properties, Single Family Management Services, Tenant Maintenance System, Tenant Placement, Tenant Screening, Tenant Screening And Rent, Utilities Management"
Southern California Real Estate Management,+1 661-255-7600,https://g.co/kgs/afHSDS3,"Services: Administrative management of property, Apartment complex management, Condo complex management, Credit checks, Home management, Homeowner association management, Industrial property management, Property inspections, Property maintenance, Property management, Property sales, Real estate valuation, Realty services, Rent collection, Rental property management, Repairs & maintenance, Tenant management, Advertising Programs, Available Rentals, Best property management company, Best property management company near me, Budget Preparation, Building Maintenance, Commercial Building, Commercial Property Management Services, Commercial leasing, Commercial leasing near me, Commercial property management, Commercial property management near me, Commercial property managers, Commercial property managers near me, Contact Management, Emergency Maintenance, Eviction Coordination, Fair Housing, Full Management, Full Services Management, Home Rent, Home Rentals, Income Verification, Inspections And Maintenance, Lease Administration, Lease Negotiation, Lease Signing, Leasing Agreements, Leasing And Management, Legal Assistance, Legal Support, Maintenance And Repair Coordination, Manage My Property, Management Program, Management Software, Marketing And Advertising, Owner Portal, Pool Service, Professional Management Services, Property Maintenance, Property Maintenance And Repair, Property Management Software, Property Rental, Property Showings, Property management companies, Property management companies near me, Property management for rentals, Property management for rentals near me, Property management near me, Property management services, Property management services near me, Protection Plan, Real Estate Broker, Real Estate Management, Real Estate Management Company, Real estate management companies, Real estate management companies near me, Real estate management near me, Realty property management, Realty property management near me, Rent Advertising, Rent Collection, Rent My Property, Rent Rent, Rental Agreement, Rental Assessment, Rental Homes, Rental management companies, Rental management companies near me, Rental management company, Rental management company near me, Rental property management near me, Renter Portal, Renters Insurance, Renters Portal, Repair Calls, Repair Coordination, Request Maintenance, Residential Property Management, Residential property management companies, Residential property management companies near me, Shuttle Service, Tenant Retention, Tenant Screening, Tenant Screening And Selection, Want to rent my property"
"Beach Cities Management, Inc.",+1 562-888-0247,https://g.co/kgs/gwLefWx,"Services: Collections And Eviction, Construction Oversight, Contract Preparation, Coordinate Repair, Eviction Coordination, Lease Renewals, Monthly Rent Collection, Rental Analysis, Residential Investment, Residential Property Management, Security Deposit Disposition"
Cal West Property Management,+1 408-997-7100,https://g.co/kgs/5r3L9Wa,"Services: Property management, Rent collection, Asset Management, Emergency Maintenance, General Repairs, Home Services, Investment Services, Real Estate Portfolio Management, Rental Management, Residential Property Management, Tenant Portal, Tenant screening"
Real Property Management Platinum,+1 559-324-9400,https://g.co/kgs/kn7QDGc,"Services: Credit checks, Home management, Property inspections, Property investment management, Property maintenance, Property management, Real estate valuation, Rent collection, Rental property management, Repairs & maintenance, Tenant management, 24 Hr Maintenance, Accounting, Accounting And Reporting, Adult Education, Appliance Repair, Asset Management, Brokerage Services, Carpet Cleaning, Centralized Accounting, Community Services, Compliant Evictions, Comprehensive Accounting, Comprehensive Financial Reports, Comprehensive Marketing & Advertising, Credit Building Services, Credit Reporting, Data Management, Emergency Maintenance, Employment Verification, Eviction Protection, Expense Management, Financial Reports, Free Market Analysis, Free Property Assessment, Free Rental, Full Management, Full-Service Leasing, General Maintenance, General Repairs, Glass Repair, Handle Repairs, Handyman Services, Household Services, Investor Support, Landlord/Tenant Laws, Landscaping & Lawn Care, Lease Management, Lease Renewal, Lease Renewals, Lease Signing, Leasing A Home, Maintenance, Manage Real Estate, Management Program, Management Rental Homes, Market Rental, Marketing And Advertising, Marketing and Advertising, Move-Out Evaluations, Move-Out Inspections, On-Going Communication, Power Washing, Property Assessment, Property Evaluation, Property Evaluations, Property Investment Management, Property Leased, Property Maintenance, Property Maintenance And Repair, Property Management Options, Property Management Program, Property Rent, Property Review, Property Valuation, Real Estate, Real Estate Agent, Real Estate Agent Referral Program, Real Estate Investor, Real Estate Rental Homes, Real Property, Regular Evaluations, Rent Analysis, Rental Comps, Rental History, Rental Insurance, Renters Insurance, Repair Work, Repairs And Maintenance, Residential Lease, Residential Property Management, Residential Property Management Services, Residential Rental Properties, Search Rentals, Site Analysis, Support Services, Tax Reporting, Tenant Application, Tenant Education, Tenant Moves Out, Tenant Placement, Tenant Screening And Selection, Tenant Screening and Selection, Thorough Tenant Screening, Timely Rent Collection, To Leasing, Trash Services, Utility Services, Window Cleaning"
TrueDoor Property Management - Huntington Beach,+1 714-415-2413,https://g.co/kgs/8dveFLS,"Services: Property management, Rent collection, 24/7 Emergency Response, 3d Virtual Tours & Youtube Video, Advertising & Showing, Apartment Management, Rental Home Management, Rental Property Management"
IMC Real Estate Jbl & Associates Property Management,+1 760-373-1800,https://g.co/kgs/YrU954u,"Services: Available Rental Properties, Eviction Management, Full Service Property Management, Home Services, Maintenance And Repairs, Preventative Maintenance, Property Protection, Real Estate And Property Management, Rental House Management, Residential Property Management, Strict Tenant Screening"
Los Angeles Property Management Group,+1 323-255-9400,https://g.co/kgs/umjUCLT,"Services: Apartment complex management, Credit checks, Industrial property management, Property maintenance, Property sales, Real estate valuation, Rental property management, Repairs & maintenance, Tenant management, Advertising & Marketing, Analytical Tenant Selection, Apartment Building, Apartment Management, Auditing Services, Capital Improvement Program, Code Enforcement, Commercial Property Management Services, Commercial Real Estate, Complete Remodels, Concierge Services, Construction And Repair, Construction And Repair Services, Custom Reports, Energy Conservation, Eviction Checks, Excellent Property Management, Financial Reporting, Full-Service Maintenance & Remodeling, Home Renovations, Home Renting, House Maintenance, Insurance Review, Luxury Leasing, Luxury Properties, Luxury Property, Maintenance & Remodeling, Maintenance And Construction, Maintenance Requests, Marketing Your Property, Maximum Occupancy & Cash Flow, Minor Maintenance, Move In, New Management, Preventative Maintenance, Properties For Lease, Property Insurance, Property Leasing, Property Management, Real Estate Rental, Relocation Services, Renovating And Remodeling, Rent Collection, Rent Surveys, Rent Your Property, Rental Home Management, Rental Management, Rental Property Maintenance, Rental Property Management, Repair Work, Repairs And Maintenance, Residential And Commercial Property Management, Residential Management, Residential Property, Responsive Service, Roof Replacement, Safety Training, Single Family Homes, Single Family Residences, Tenant Communications, Tenant Interaction, Tenant Issues, Tenant Moves In, Tenant Relationships, Tenant Retention, Tenant Retention Programs, Tenant Satisfaction, Tenant Screening, Tenant Selection, Tenant Selection Process, Tenant's Application, Triple Net Leases, Video Marketing, Video Tour, Virtual Tour Video, Virtual Tours, commercial property management, property maintenance, residential property management, Condo rentals, Furnished property rentals & sales, New construction sales & leasing, Property buying & sales, Property rentals, Warehouse property sales"
Core Alliance Property Management,+1 818-601-2673,https://g.co/kgs/EQqDbWt,"Services: Advertising Plan, Advertising Program, Bookkeeping And Accounting, Capital Improvement Evaluation, Cosmetic Repairs, Emergency Repairs, Eviction Guarantee, Eviction Process Handling, Financial Management, Finding Tenants, Full Legal Compliance, Full Service Real Estate, Get A Free Rental Analysis, Home Inspections, Investment Property, Lease Preparation, Listings Rental, Maintenance Rental, Marketing The Property, Monthly Management, Pet Screening, Preventative Maintenance, Property Accounting And Reporting, Property Evaluations, Property Improvements, Property Inspections, Property Management And Real Estate Services, Property Repairs And Maintenance, Real Estate Agents, Real Estate Investment, Real Estate Marketing, Real Estate Support, Regular Maintenance, Rent Assessment, Rental Assessment, Repair Requests, Residential & Commercial Property Management, Risk Management, Routine Maintenance, Routine Repairs, Tenant Maintenance System, Tenant Placement, Tenant Retention, Tenant Screening, Timely Rent Collection"
"Central Cal Management, Inc.",+1 661-243-3877,https://g.co/kgs/2nGqPfL,"Services: Buying agent services, Commercial property buying & sales, Condo rentals, First-time home buyer services, Foreclosed property sales, Luxury property buying & sales, New construction sales & leasing, Property buying & sales, Property exchanges, Property rentals, Real estate investing, Real estate sales management, Seller's agent services, Property management, Cleaning And Maintenance, Eviction Services, Maintenance And Repairs, Mortgage Loans, Property Management, Property Management Services, Real Estate Services, Rent Management, Rental Management, Renters Insurance"
,+1 510-543-2534,https://g.co/kgs/bfTZa6g,"Services: Administrative management of property, Credit checks, Home management, Homeowner association management, Property inspections, Property investment management, Property maintenance, Property management, Real estate valuation, Rental property management, Rent collection, Repairs & maintenance, Tenant management, Online Appointments, 3d Tours, Eviction Protection Plan, Inspections & Maintenance, Landlord Insurance, Lease Renewals, Pet Friendly Rentals, Properties Lease, Real Estate Investment Properties, Rental Home Management, Rental Property Investments, Rental Property Maintenance, Rental Real Estate, Rental Repairs, Repairs And Maintenance, Residential Rental Properties, Tenant Lease, Rent Guarantee, Eviction coordination, Rental property revenue reports, Free rental analysis, Home purchasing assistance, Mortgage loan application assistance, Mortgage rate shopping assistance, Mortgage refinancing assistance, Property closing assistance, Property sales, Realty services, Real estate agent"
Mynd Property Management,+1 415-921-5733,https://g.co/kgs/skeDomo,"Services: Building Systems Maintenance, Cleaning And Maintenance, Comprehensive Accounting Services, Elevator Maintenance, Emergency Services, Good Repair, Lease Preparations, Maintenance And Inspections, Market Rental, Property Inspections, Rent Collection, Rental Listings Management, Small & Large Apartment Building Management, Tenant Rent, Training And Education, Weekly Cleaning"
Chandler Property Management,+1 831-475-1355,https://g.co/kgs/aGQJhCL,"Services: Property management, Rent collection, Rental property management, Tenant management, Available Rentals, Full Service Santa Cruz Property Management, HVAC Filter Delivery, Home Maintenance, House Management, Owner Portal, Property Management Accounting, Rent Collection, Rent Lease, Rental Analysis, Rental Inspections, Rental Leasing, Rental Maintenance, Rental Management, Rental Property Marketing, Renters Insurance, Repairs And Maintenance, Residential Management, Residential Property Management, Routine Maintenance, Small Repairs, Tenant Eviction, Tenant Placement, Tenant Portal, Tenant Screening, Real Estate Investing, Real Estate Valuation, Realty Services"
PURE Property Management of California,+1 925-706-9000,https://g.co/kgs/UDMAJse,"Services: Property management, Rent collection, Rental property management, Tenant management, Accounting And Bookkeeping, Acquire Properties, Business Consulting, Emergency Maintenance, Emergency Repairs, Event Planning, Fence Repair, Free Consultation, HVAC Filter Delivery, Investment Homes, Island Property Management, Lease Enforcement, Legal Compliance, Maintenance Requests, Management Resources, Monthly Gardening Service, Owner Portal, Pest Control, Property Leasing, Property Maintenance And Repairs, Property Management Accounting, Real Estate Broker, Rent And Security Deposit Collection, Rental Inspections, Rental Leasing, Rental Maintenance, Rental Property Marketing, Renter Services, Resident Login, Residential Property Management, Tenant Eviction, Tenant Placement, Tenant Portal, Tenant Screening, Visual Design"
PURE Property Management of California,+1 661-861-1597,https://g.co/kgs/256eaqa,"Services: Property inspections, Property maintenance, Property management, Real estate valuation, Realty services, Rent collection, Rental property management, Repairs & maintenance, Tenant management, Full Service Property Management Company, Interior Inspections, Internet Advertising, Lawn Care, Lease Renewals, Local Law Compliance, Maintenance And Repairs, Management Collections, Management Consulting, Multiple Listing Service, Pool Service, Property Maintenance, Property Walk Through, Real Estate, Rent Collection, Tax Coordinate, Tenant Eviction Services, Tenant Relations"
Bakersfield Property Management,,https://g.co/kgs/2T1wwcV,"Services: Accounting And Reporting, Apartment Management, Asset Management, Business Administration, Commercial Properties, Emergency Maintenance, Eviction Services, General Maintenance, Home Rental, House Maintenance, Industrial Properties, Investment Advice, Investment Home, Investment Portfolios, Investment Property Management, Landlord And Rental, Lease Enforcement, Lease Preparation, Lease Signing, Leasing Rental, Market Analysis, Market Rent, Multiple Listing Service, Pest Control, Plumbing And Heating, Preventative Maintenance, Properties For Rent, Property Inspections, Real Estate Broker, Real Estate Brokerage, Real Estate Investment, Real Estate Investor, Real Estate Sales, Real Estate Transactions, Rental Management, Rental Property Maintenance, Rental Property Marketing, Residential And Commercial Real Estate, Residential Manager, Residential Rental, Routine Maintenance, Single Family Homes, Tenant Portal, Tenant Retention, Tenant Screening, Timely Rent Collection"
Cal-Western,+1 661-294-8500,https://g.co/kgs/AGmzdeF,"Services: Concierge Service, Emergency Maintenance, Eviction Protection, Free Rental, Full Service Property Management, Gardener Services, Leasing & Management, Leasing Services, Property Marketing, Property Preparation, Rental Home, Rental Properties, Renters Insurance, Resident Benefits Package, Tenant Retention Strategies"
California Leasing Property Management,+1 209-632-2708,https://g.co/kgs/9czS7pC,"Services: Accounts payable, Apartment complex management, Capital improvements, Commercial Properties, Commercial Properties Leasing, Commercial property leasing, Compliance enforcement, Direct Deposits, Electronic owner deposits, Eviction Services, Financial Reporting, Financial reporting, Home Rentals, In House Maintenance, Lease Management, Lease agreements, Leasing services, Maintenance And Repairs, Market Analysis, Marketing And Advertising, Multifamily property management, Necessary Repairs, Online Rent Collection, Online Rental Applications, Online rental application, Owner portal, Plumbing Services, Properties Leasing, Property Inspections, Property Management Residential, Property inspections, Property maintenance, Property management, REO properties, Rent collection, Rental Analysis, Rental Applications, Rental property management, Rental property marketing, Repairs & maintenance, Repairs And Improvements, Residential Properties, Residential Property Management, Restoration Services, Tenant Screening And Placement, Tenant management, Tenant screening, Thorough Tenant Screening"
